{
  "border": {
    "width": {
      "none": { "value": "{size.0}" },
      "sm": { "value": "{size.1}" },
      "md": { "value": "{size.2}" },
      "lg": { "value": "{size.4}" }
    },
    "radius": {
      "square": { "value": "{size.0}" },
      "sm": { "value": "{size.8}" },
      "md": { "value": "{size.16}" },
      "lg": { "value": "{size.32}" },
      "rounded": { "value": "{size.1024}" }
    }
  },
  "layout": {
    "4xs": { "value": "{size.128}" },
    "3xs": { "value": "{size.192}" },
    "2xs": { "value": "{size.224}" },
    "xs": { "value": "{size.256}" },
    "sm": { "value": "{size.320}" },
    "md": { "value": "{size.384}" },
    "lg": { "value": "{size.512}" },
    "xl": { "value": "{size.768}" },
    "2xl": { "value": "{size.1024}" },
    "3xl": { "value": "{size.1280}" },
    "4xl": { "value": "{size.1600}" }
  },
  "space": {
    "none": { "value": "{size.0}" },
    "3xs": { "value": "{size.2}" },
    "2xs": { "value": "{size.4}" },
    "xs": { "value": "{size.8}" },
    "sm": { "value": "{size.12}" },
    "md": { "value": "{size.16}" },
    "lg": { "value": "{size.20}" },
    "xl": { "value": "{size.24}" },
    "2xl": { "value": "{size.32}" },
    "3xl": { "value": "{size.48}" },
    "4xl": { "value": "{size.64}" }
  },
  "palette": {
    "primary": {
      "100": { "value": "{palette.gray.96}" },
      "200": { "value": "{palette.gray.93}" },
      "300": { "value": "{palette.gray.84}" },
      "400": { "value": "{palette.gray.74}" },
      "500": { "value": "{palette.gray.58}" },
      "600": { "value": "{palette.gray.46}" },
      "700": { "value": "{palette.gray.34}" },
      "800": { "value": "{palette.gray.23}" },
      "900": { "value": "{palette.gray.16}" },
      "1000": { "value": "{palette.gray.11}" },
      "100-alpha": { "value": "#3838380A" },
      "200-alpha": { "value": "#1F2C3814" },
      "300-alpha": { "value": "#08142B2B" },
      "400-alpha": { "value": "#0719314A" },
      "500-alpha": { "value": "#02112C73" },
      "600-alpha": { "value": "#04112A96" },
      "700-alpha": { "value": "#040C20B3" },
      "800-alpha": { "value": "#010713CC" },
      "900-alpha": { "value": "#00050FDA" },
      "1000-alpha": { "value": "#02040DE8" }
    },
    "brand": {
      "1": { "value": "#FFFFFF" },
      "2": { "value": "#FFFFFF" },
      "3": { "value": "#FFFFFF" },
      "4": { "value": "#FFFFFF" },
      "5": { "value": "#FFFFFF" },
      "6": { "value": "#FFFFFF" },
      "7": { "value": "#FFFFFF" },
      "8": { "value": "#FFFFFF" },
      "9": { "value": "#FFFFFF" },
      "10": { "value": "#FFFFFF" },
      "11": { "value": "#FFFFFF" },
      "12": { "value": "#FFFFFF" },
      "13": { "value": "#FFFFFF" },
      "14": { "value": "#FFFFFF" }
    },
    "neutral": {
      "lightest": { "value": "{palette.gray.100}" },
      "100": { "value": "{palette.gray.96}" },
      "200": { "value": "{palette.gray.93}" },
      "300": { "value": "{palette.gray.84}" },
      "400": { "value": "{palette.gray.74}" },
      "500": { "value": "{palette.gray.58}" },
      "600": { "value": "{palette.gray.46}" },
      "700": { "value": "{palette.gray.34}" },
      "800": { "value": "{palette.gray.23}" },
      "900": { "value": "{palette.gray.16}" },
      "1000": { "value": "{palette.gray.11}" },
      "darkest": { "value": "{palette.gray.7}" },
      "lightest-alpha": { "value": "#FFFFFF0A" },
      "100-alpha": { "value": "#3838380A" },
      "200-alpha": { "value": "#1F2C3814" },
      "300-alpha": { "value": "#08142B2B" },
      "400-alpha": { "value": "#0719314A" },
      "500-alpha": { "value": "#02112C73" },
      "600-alpha": { "value": "#04112A96" },
      "700-alpha": { "value": "#040C20B3" },
      "800-alpha": { "value": "#010713CC" },
      "900-alpha": { "value": "#00050FDA" },
      "1000-alpha": { "value": "#02040DE8" },
      "darkest-alpha": { "value": "#000000E8" }
    },
    "alert": {
      "success": {
        "100": { "value": "{palette.green.93}" },
        "200": { "value": "{palette.green.85}" },
        "300": { "value": "{palette.green.66}" },
        "400": { "value": "{palette.green.46}" },
        "500": { "value": "{palette.green.39}" },
        "600": { "value": "{palette.green.27}" },
        "700": { "value": "{palette.green.22}" },
        "800": { "value": "{palette.green.17}" },
        "900": { "value": "{palette.green.11}" },
        "1000": { "value": "{palette.green.8}" }
      },
      "danger": {
        "100": { "value": "{palette.red.96}" },
        "200": { "value": "{palette.red.92}" },
        "300": { "value": "{palette.red.82}" },
        "400": { "value": "{palette.red.73}" },
        "500": { "value": "{palette.red.63}" },
        "600": { "value": "{palette.red.48}" },
        "700": { "value": "{palette.red.38}" },
        "800": { "value": "{palette.red.27}" },
        "900": { "value": "{palette.red.19}" },
        "1000": { "value": "{palette.red.12}" }
      },
      "info": {
        "100": { "value": "{palette.blue.97}" },
        "200": { "value": "{palette.blue.92}" },
        "300": { "value": "{palette.blue.83}" },
        "400": { "value": "{palette.blue.69}" },
        "500": { "value": "{palette.blue.60}" },
        "600": { "value": "{palette.blue.42}" },
        "700": { "value": "{palette.blue.31}" },
        "800": { "value": "{palette.blue.23}" },
        "900": { "value": "{palette.blue.16}" },
        "1000": { "value": "{palette.blue.9}" }
      },
      "warning": {
        "100": { "value": "{palette.orange.93}" },
        "200": { "value": "{palette.orange.88}" },
        "300": { "value": "{palette.orange.74}" },
        "400": { "value": "{palette.orange.63}" },
        "500": { "value": "{palette.orange.55}" },
        "600": { "value": "{palette.orange.45}" },
        "700": { "value": "{palette.orange.34}" },
        "800": { "value": "{palette.orange.24}" },
        "900": { "value": "{palette.orange.18}" },
        "1000": { "value": "{palette.orange.13}" }
      },
      "highlight": {
        "100": { "value": "{palette.yellow.90}" },
        "200": { "value": "{palette.yellow.83}" },
        "300": { "value": "{palette.yellow.71}" },
        "400": { "value": "{palette.yellow.50}" },
        "500": { "value": "{palette.yellow.43}" },
        "600": { "value": "{palette.yellow.37}" },
        "700": { "value": "{palette.yellow.29}" },
        "800": { "value": "{palette.yellow.23}" },
        "900": { "value": "{palette.yellow.16}" },
        "1000": { "value": "{palette.yellow.11}" }
      }
    },
    "content": {
      "default": { "value": "{palette.neutral.darkest}" },
      "default-hover": { "value": "{palette.neutral.800}" },
      "default-active": { "value": "{palette.neutral.700}" },

      "secondary": { "value": "{palette.neutral.800}" },
      "tertiary": { "value": "{palette.neutral.600}" },
      "inverse": { "value": "{palette.neutral.darkest}" },

      "brand": { "value": "{palette.primary.1000}" },
      "brand-hover": { "value": "{palette.primary.800}" },
      "brand-active": { "value": "{palette.primary.700}" },

      "on-brand": { "value": "{palette.neutral.lightest}" },
      "disabled": { "value": "{palette.neutral.lightest}" }
    },
    "action": {
      "background": {
        "primary": {
          "solid-default": { "value": "{palette.primary.1000}" },
          "solid-hover": { "value": "{palette.primary.800}" },
          "solid-active": { "value": "{palette.primary.700}" },
          "outlined-default": { "value": "#FFFFFF" },
          "outlined-hover": { "value": "{palette.primary.100}" },
          "outlined-active": { "value": "{palette.primary.200}" },
          "transparent-default": {
            "value": "{palette.neutral.lightest-alpha}"
          },
          "transparent-hover": { "value": "{palette.primary.100-alpha}" },
          "transparent-active": { "value": "{palette.primary.200-alpha}" }
        },
        "neutral": {
          "outlined-default": { "value": "{palette.neutral.lightest}" },
          "outlined-hover": { "value": "{palette.neutral.100-alpha}" },
          "outlined-active": { "value": "{palette.neutral.200-alpha}" },
          "transparent-default": { "value": "#FFFFFF" },
          "transparent-hover": { "value": "{palette.neutral.100-alpha}" },
          "transparent-active": { "value": "{palette.neutral.200-alpha}" }
        }
      },
      "border": {
        "primary": {
          "solid-default": { "value": "{palette.primary.1000}" },
          "solid-hover": { "value": "{palette.primary.800}" },
          "solid-active": { "value": "{palette.primary.700}" },

          "outlined-default": { "value": "{palette.primary.600}" },
          "outlined-hover": { "value": "{palette.primary.600}" },
          "outlined-active": { "value": "{palette.primary.600}" },

          "transparent-default": {
            "value": "{palette.neutral.lightest-alpha}"
          },
          "transparent-hover": { "value": "#FFFFFF" },
          "transparent-active": { "value": "#FFFFFF" }
        },
        "neutral": {
          "outlined-default": { "value": "{palette.neutral.600}" },
          "outlined-hover": { "value": "{palette.neutral.600}" },
          "outlined-active": { "value": "{palette.neutral.600}" },

          "transparent-default": { "value": "#FFFFFF" },
          "transparent-hover": { "value": "{palette.neutral.100-alpha}" },
          "transparent-active": { "value": "{palette.neutral.200-alpha}" }
        }
      },
      "content": {
        "primary": {
          "solid-default": { "value": "{palette.neutral.lightest}" },
          "solid-hover": { "value": "{palette.neutral.lightest}" },
          "solid-active": { "value": "{palette.neutral.lightest}" },
          "outlined-default": { "value": "{palette.primary.600}" },
          "outlined-hover": { "value": "{palette.primary.600}" },
          "outlined-active": { "value": "{palette.primary.600}" },
          "transparent-default": { "value": "{palette.primary.600}" },
          "transparent-hover": { "value": "{palette.primary.600}" },
          "transparent-active": { "value": "{palette.primary.600}" }
        },
        "neutral": {
          "outlined-default": { "value": "{palette.neutral.darkest}" },
          "outlined-hover": { "value": "{palette.neutral.darkest}" },
          "outlined-active": { "value": "{palette.neutral.darkest}" },
          "transparent-default": { "value": "{palette.neutral.darkest}" },
          "transparent-hover": { "value": "{palette.neutral.darkest}" },
          "transparent-active": { "value": "{palette.neutral.darkest}" }
        }
      },
      "opacity": {
        "disabled": { "value": "{opacity.48}" }
      },
      "font": {
        "size": {
          "3xs": { "value": "{font.size.0_75}" },
          "2xs": { "value": "{font.size.0_8125}" },
          "xs": { "value": "{font.size.0_875}" },
          "sm": { "value": "{font.size.0_9375}" },
          "md": { "value": "{font.size.1_00}" },
          "lg": { "value": "{font.size.1_125}" },
          "xl": { "value": "{font.size.1_25}" },
          "2xl": { "value": "{font.size.1_5}" },
          "3xl": { "value": "{font.size.1_75}" },
          "4xl": { "value": "{font.size.2_00}" },
          "5xl": { "value": "{font.size.3_00}" },
          "6xl": { "value": "{font.size.4_00}" },
          "7xl": { "value": "{font.size.5_00}" },
          "8xl": { "value": "{font.size.6_00}" },
          "9xl": { "value": "{font.size.8_00}" }
        },
        "letter-spacing": {
          "3xs": { "value": 0.4 },
          "2xs": { "value": 0.4 },
          "xs": { "value": 0.4 },
          "sm": { "value": 0.2 },
          "md": { "value": 0 },
          "lg": { "value": -0.1 },
          "xl": { "value": -0.2 },
          "2xl": { "value": -0.4 },
          "3xl": { "value": -0.8 },
          "4xl": { "value": -1 },
          "5xl": { "value": -2 },
          "6xl": { "value": -2 },
          "7xl": { "value": -2 },
          "8xl": { "value": -2 },
          "9xl": { "value": -4 }
        },
        "line-height": {
          "3xs": { "value": 16 },
          "2xs": { "value": 16 },
          "xs": { "value": 16 },
          "sm": { "value": 16 },
          "md": { "value": 20 },
          "lg": { "value": 20 },
          "xl": { "value": 24 },
          "2xl": { "value": 28 },
          "3xl": { "value": 32 },
          "4xl": { "value": 36 },
          "5xl": { "value": 52 },
          "6xl": { "value": 72 },
          "7xl": { "value": 88 },
          "8xl": { "value": 100 },
          "9xl": { "value": 128 }
        },
        "weight": {
          "extra-light": { "value": "{font.weight.100}" },
          "light": { "value": "{font.weight.300}" },
          "normal": { "value": "{font.weight.400}" },
          "medium": { "value": "{font.weight.500}" },
          "semibold": { "value": "{font.weight.600}" },
          "bold": { "value": "{font.weight.700}" },
          "extra-bold": { "value": "{font.weight.800}" },
          "black": { "value": "{font.weight.900}" }
        }
      }
    }
  }
}
