{
  "palette": {
    "gray": {
      "100": { "value": "#FFFFFF" },
      "96": { "value": "#F5F5F5" },
      "93": { "value": "#EDEDED" },
      "84": { "value": "#D6D6D6" },
      "74": { "value": "#BDBDBD" },
      "58": { "value": "#949494" },
      "46": { "value": "#757575" },
      "34": { "value": "#575757" },
      "23": { "value": "#3B3B3B" },
      "16": { "value": "#292929" },
      "11": { "value": "#1C1C1C" },
      "7": { "value": "#121212" }
    },
    "blue": {
      "97": { "value": "#F0F7FF" },
      "92": { "value": "#D7E9FE" },
      "83": { "value": "#AAD1FD" },
      "69": { "value": "#63A8FD" },
      "60": { "value": "#3689FC" },
      "42": { "value": "#0D58C9" },
      "31": { "value": "#063C98" },
      "23": { "value": "#052B70" },
      "16": { "value": "#041D4E" },
      "9": { "value": "#03112B" }
    },
    "red": {
      "96": { "value": "#FEECEC" },
      "92": { "value": "#FED7D7" },
      "82": { "value": "#FEA8A5" },
      "73": { "value": "#FC7D79" },
      "63": { "value": "#F4504E" },
      "48": { "value": "#CC2828" },
      "38": { "value": "#A81A1F" },
      "27": { "value": "#7C110E" },
      "19": { "value": "#580A09" },
      "12": { "value": "#360807" }
    },
    "green": {
      "93": { "value": "#DEFDEB" },
      "85": { "value": "#BCF5DA" },
      "66": { "value": "#71E0B0" },
      "46": { "value": "#29C287" },
      "39": { "value": "#1BAC72" },
      "27": { "value": "#088153" },
      "22": { "value": "#086843" },
      "17": { "value": "#0A4D33" },
      "11": { "value": "#063221" },
      "8": { "value": "#052416" }
    },
    "orange": {
      "93": { "value": "#FFF1DB" },
      "88": { "value": "#FFE3C2" },
      "74": { "value": "#FEC57C" },
      "63": { "value": "#FAA747" },
      "55": { "value": "#F28C26" },
      "45": { "value": "#D06D16" },
      "34": { "value": "#A1520C" },
      "24": { "value": "#723A08" },
      "18": { "value": "#542F08" },
      "13": { "value": "#392009" }
    },
    "yellow": {
      "90": { "value": "#FDF7CE" },
      "83": { "value": "#FDECAA" },
      "71": { "value": "#FBD570" },
      "50": { "value": "#F0B80F" },
      "43": { "value": "#DB9D00" },
      "37": { "value": "#BD8400" },
      "29": { "value": "#946500" },
      "23": { "value": "#755000" },
      "16": { "value": "#523A00" },
      "11": { "value": "#382B00" }
    }
  },

  "font": {
    "size": {
      "0_75": { "value": 12 },
      "0_8125": { "value": 13 },
      "0_875": { "value": 14 },
      "0_9375": { "value": 15 },
      "1_00": { "value": 16 },
      "1_125": { "value": 18 },
      "1_25": { "value": 20 },
      "1_5": { "value": 24 },
      "1_75": { "value": 28 },
      "2_00": { "value": 32 },
      "3_00": { "value": 48 },
      "4_00": { "value": 64 },
      "5_00": { "value": 96 },
      "6_00": { "value": 112 },
      "8_00": { "value": 128 }
    },
    "weight": {
      "100": { "value": "100" },
      "200": { "value": "200" },
      "300": { "value": "300" },
      "400": { "value": "400" },
      "500": { "value": "500" },
      "600": { "value": "600" },
      "700": { "value": "700" },
      "800": { "value": "800" },
      "900": { "value": "900" }
    }
  },
  "size": {
    "0": { "value": "0" },
    "1": { "value": "1" },
    "2": { "value": "2" },
    "4": { "value": "4" },
    "6": { "value": "6" },
    "8": { "value": "8" },
    "10": { "value": "10" },
    "11": { "value": "11" },
    "12": { "value": "12" },
    "13": { "value": "13" },
    "14": { "value": "14" },
    "15": { "value": "15" },
    "16": { "value": "16" },
    "17": { "value": "17" },
    "18": { "value": "18" },
    "20": { "value": "20" },
    "24": { "value": "24" },
    "28": { "value": "28" },
    "32": { "value": "32" },
    "36": { "value": "36" },
    "40": { "value": "40" },
    "44": { "value": "44" },
    "48": { "value": "48" },
    "52": { "value": "52" },
    "56": { "value": "56" },
    "60": { "value": "60" },
    "64": { "value": "64" },
    "72": { "value": "72" },
    "80": { "value": "80" },
    "96": { "value": "96" },
    "128": { "value": "128" },
    "160": { "value": "160" },
    "192": { "value": "192" },
    "224": { "value": "224" },
    "256": { "value": "256" },
    "320": { "value": "320" },
    "384": { "value": "384" },
    "448": { "value": "448" },
    "512": { "value": "512" },
    "640": { "value": "640" },
    "768": { "value": "768" },
    "1024": { "value": "1024" },
    "1280": { "value": "1280" },
    "1600": { "value": "1600" },
    "1920": { "value": "1920" }
  },
  "opacity": {
    "8": { "value": 0.08 },
    "16": { "value": 0.16 },
    "32": { "value": 0.32 },
    "48": { "value": 0.48 },
    "64": { "value": 0.64 },
    "88": { "value": 0.88 }
  }
}
