{
  "plugins": {
    "@release-it/conventional-changelog": {
      "preset": {
        "name": "conventionalcommits",
        "types": [
          {
            "type": "feat",
            "section": "Features"
          },
          {
            "type": "fix",
            "section": "Bug Fixes"
          },
          {
            "type": "cleanup",
            "section": "Cleanup"
          },
          {
            "type": "chore",
            "section": "Chore"
          },
          {
            "type": "docs",
            "section": "Documentations"
          }
        ]
      },
      "infile": "packages/tokens/CHANGELOG.md",
      "parserOpts": {
        "headerPattern": "^(\\w*)(?:\\((tokens*)\\))?\\: (.*)$"
      }
    },
    "@release-it/bumper": {
      "in": "packages/tokens/version.json",
      "out": [
        "packages/tokens/version.json",
        "packages/tokens/dist/package.json"
      ]
    }
  },
  "git": {
    "commitMessage": "chore(release): cut the v${version} release"
  },

  "npm": {
    "publish": false
  },
  "github": {
    "release": true,
    "releaseName": "Release: tokens ${version}"
  },
  "hooks": {
    "before:bump": "npx nx pack @mmhuntsberry/tokens",
    "after:bump": ["git checkout -- package.json"]
  }
}
