{
  "spacing": {
    "2xs": {
      "value": 4
    },
    "xs": {
      "value": 8
    },
    "sm": {
      "value": 12
    },
    "4xl": {
      "value": 64
    }
  },
  "_size": {
    "1": {
      "value": 1
    },
    "2": {
      "value": 2
    },
    "4": {
      "value": 4
    },
    "6": {
      "value": 6
    },
    "8": {
      "value": 8
    },
    "10": {
      "value": 10
    },
    "11": {
      "value": 11
    },
    "12": {
      "value": 12
    },
    "13": {
      "value": 13
    },
    "14": {
      "value": 14
    },
    "15": {
      "value": 15
    },
    "16": {
      "value": 16
    },
    "17": {
      "value": 17
    },
    "18": {
      "value": 18
    },
    "20": {
      "value": 20
    },
    "24": {
      "value": 24
    },
    "28": {
      "value": 28
    },
    "32": {
      "value": 32
    },
    "36": {
      "value": 36
    },
    "40": {
      "value": 40
    },
    "44": {
      "value": 44
    },
    "48": {
      "value": 48
    },
    "52": {
      "value": 52
    },
    "56": {
      "value": 56
    },
    "60": {
      "value": 60
    },
    "64": {
      "value": 64
    },
    "72": {
      "value": 72
    },
    "80": {
      "value": 80
    },
    "96": {
      "value": 96
    },
    "128": {
      "value": 128
    },
    "160": {
      "value": 160
    },
    "192": {
      "value": 192
    },
    "224": {
      "value": 224
    },
    "256": {
      "value": 256
    },
    "320": {
      "value": 320
    },
    "384": {
      "value": 384
    },
    "448": {
      "value": 448
    },
    "512": {
      "value": 512
    },
    "640": {
      "value": 640
    },
    "768": {
      "value": 768
    },
    "1024": {
      "value": 1024
    },
    "1280": {
      "value": 1280
    },
    "1600": {
      "value": 1600
    },
    "1920": {
      "value": 1920
    }
  },
  "_font": {
    "weight": {
      "100": {
        "value": "100"
      },
      "200": {
        "value": "200"
      },
      "300": {
        "value": "300"
      },
      "400": {
        "value": "400"
      },
      "500": {
        "value": "500"
      },
      "600": {
        "value": "600"
      },
      "700": {
        "value": "700"
      },
      "800": {
        "value": "800"
      },
      "900": {
        "value": "900"
      }
    },
    "size": {
      "1": {
        "value": 16
      },
      "2": {
        "value": 32
      },
      "3": {
        "value": 48
      },
      "4": {
        "value": 64
      },
      "5": {
        "value": 96
      },
      "6": {
        "value": 112
      },
      "8": {
        "value": 128
      },
      "0_75": {
        "value": 12
      },
      "0_8125": {
        "value": 13
      },
      "0_875": {
        "value": 14
      },
      "0_9375": {
        "value": 15
      },
      "1_125": {
        "value": 18
      },
      "1_25": {
        "value": 20
      },
      "1_5": {
        "value": 24
      },
      "1_75": {
        "value": 28
      }
    },
    "family": {
      "mac-default": {
        "value": "SF Pro"
      },
      "windows": {
        "value": "Segoe UI"
      },
      "international": {
        "value": "Microsoft YaHei"
      }
    }
  },
  "_palette": {
    "blue": {
      "9": {
        "value": "#03112B"
      },
      "16": {
        "value": "#041D4E"
      },
      "23": {
        "value": "#052B70"
      },
      "31": {
        "value": "#063C98"
      },
      "42": {
        "value": "#0D58C9"
      },
      "60": {
        "value": "#3689FC"
      },
      "69": {
        "value": "#63A8FD"
      },
      "83": {
        "value": "#AAD1FD"
      },
      "92": {
        "value": "#D7E9FE"
      },
      "97": {
        "value": "#F0F7FF"
      }
    },
    "red": {
      "12": {
        "value": "#360807"
      },
      "19": {
        "value": "#580A09"
      },
      "27": {
        "value": "#7C110E"
      },
      "38": {
        "value": "#A81A1F"
      },
      "48": {
        "value": "#CC2828"
      },
      "63": {
        "value": "#F4504E"
      },
      "73": {
        "value": "#FC7D79"
      },
      "82": {
        "value": "#FEA8A5"
      },
      "92": {
        "value": "#FED7D7"
      },
      "96": {
        "value": "#FEECEC"
      }
    },
    "green": {
      "8": {
        "value": "#052416"
      },
      "11": {
        "value": "#063221"
      },
      "17": {
        "value": "#0A4D33"
      },
      "22": {
        "value": "#086843"
      },
      "27": {
        "value": "#088153"
      },
      "39": {
        "value": "#1BAC72"
      },
      "46": {
        "value": "#29C287"
      },
      "66": {
        "value": "#71E0B0"
      },
      "85": {
        "value": "#BCF5DA"
      },
      "93": {
        "value": "#DEFDEB"
      }
    },
    "orange": {
      "13": {
        "value": "#392009"
      },
      "18": {
        "value": "#542F08"
      },
      "24": {
        "value": "#723A08"
      },
      "34": {
        "value": "#A1520C"
      },
      "45": {
        "value": "#D06D16"
      },
      "55": {
        "value": "#F28C26"
      },
      "63": {
        "value": "#FAA747"
      },
      "74": {
        "value": "#FEC57C"
      },
      "88": {
        "value": "#FFE3C2"
      },
      "93": {
        "value": "#FFF1DB"
      }
    },
    "yellow": {
      "11": {
        "value": "#382B00"
      },
      "16": {
        "value": "#523A00"
      },
      "23": {
        "value": "#755000"
      },
      "29": {
        "value": "#946500"
      },
      "37": {
        "value": "#BD8400"
      },
      "43": {
        "value": "#DB9D00"
      },
      "50": {
        "value": "#F0B80F"
      },
      "71": {
        "value": "#FBD570"
      },
      "83": {
        "value": "#FDECAA"
      },
      "90": {
        "value": "#FDF7CE"
      }
    },
    "gray": {
      "7": {
        "value": "#121212"
      },
      "11": {
        "value": "#1C1C1C"
      },
      "16": {
        "value": "#292929"
      },
      "23": {
        "value": "#3B3B3B"
      },
      "34": {
        "value": "#575757"
      },
      "46": {
        "value": "#757575"
      },
      "58": {
        "value": "#949494"
      },
      "74": {
        "value": "#BDBDBD"
      },
      "84": {
        "value": "#D6D6D6"
      },
      "93": {
        "value": "#EDEDED"
      },
      "96": {
        "value": "#F5F5F5"
      },
      "100": {
        "value": "#FFFFFF"
      }
    }
  },
  "palette": {
    "action": {
      "background": {
        "value": "#ffffff00"
      },
      "border": {
        "value": "#ffffff00"
      }
    },
    "brand": {
      "2": {
        "value": "#FFFFFF"
      },
      "3": {
        "value": "#FFFFFF"
      },
      "4": {
        "value": "#FFFFFF"
      },
      "5": {
        "value": "#FFFFFF"
      },
      "6": {
        "value": "#FFFFFF"
      },
      "7": {
        "value": "#FFFFFF"
      },
      "8": {
        "value": "#FFFFFF"
      },
      "9": {
        "value": "#FFFFFF"
      },
      "10": {
        "value": "#FFFFFF"
      },
      "11": {
        "value": "#FFFFFF"
      },
      "12": {
        "value": "#FFFFFF"
      },
      "13": {
        "value": "#FFFFFF"
      },
      "14": {
        "value": "#FFFFFF"
      }
    },
    "primary": {
      "100-alpha": {
        "value": "#3838380A"
      },
      "200-alpha": {
        "value": "#1f2c3814"
      },
      "300-alpha": {
        "value": "#08142b2B"
      },
      "400-alpha": {
        "value": "#0719314A"
      },
      "500-alpha": {
        "value": "#02112673"
      },
      "600-alpha": {
        "value": "#04112a96"
      },
      "700-alpha": {
        "value": "#040c20B2"
      },
      "800-alpha": {
        "value": "#010713CC"
      },
      "900-alpha": {
        "value": "#00050fDB"
      },
      "1000-alpha": {
        "value": "#02040dE8"
      },
      "alpha-04": {
        "value": "#0000000A"
      },
      "alpha-08": {
        "value": "#00000014"
      },
      "alpha-12": {
        "value": "#0000001F"
      },
      "alpha-16": {
        "value": "#00000029"
      },
      "alpha-32": {
        "value": "#00000052"
      },
      "alpha-48": {
        "value": "#0000007A"
      },
      "alpha-72": {
        "value": "#000000B8"
      },
      "alpha-88": {
        "value": "#000000E0"
      },
      "alpha-96": {
        "value": "#000000F5"
      }
    },
    "neutral": {
      "lightest-alpha": {
        "value": "#ffffff0A"
      },
      "100-alpha": {
        "value": "#3838380A"
      },
      "200-alpha": {
        "value": "#1f2c3814"
      },
      "300-alpha": {
        "value": "#08142b2B"
      },
      "400-alpha": {
        "value": "#0719314A"
      },
      "500-alpha": {
        "value": "#02112c73"
      },
      "600-alpha": {
        "value": "#04112a96"
      },
      "700-alpha": {
        "value": "#040c20B2"
      },
      "800-alpha": {
        "value": "#010713CC"
      },
      "900-alpha": {
        "value": "#00050fDB"
      },
      "1000-alpha": {
        "value": "#02040dE8"
      },
      "darkest-alpha": {
        "value": "#000000E8"
      },
      "alpha-04": {
        "value": "#0000000A"
      },
      "alpha-08": {
        "value": "#00000014"
      },
      "alpha-12": {
        "value": "#0000001F"
      },
      "alpha-16": {
        "value": "#00000029"
      },
      "alpha-32": {
        "value": "#00000052"
      },
      "alpha-48": {
        "value": "#0000007A"
      },
      "alpha-72": {
        "value": "#000000B8"
      },
      "alpha-88": {
        "value": "#000000E0"
      },
      "alpha-96": {
        "value": "#000000F5"
      }
    }
  },
  "font": {
    "letter-spacing": {
      "3xs": {
        "value": 0.4000000059604645
      },
      "2xs": {
        "value": 0.4000000059604645
      },
      "xs": {
        "value": 0.4000000059604645
      },
      "sm": {
        "value": 0.20000000298023224
      },
      "lg": {
        "value": -0.10000000149011612
      },
      "xl": {
        "value": -0.20000000298023224
      },
      "2xl": {
        "value": -0.4000000059604645
      },
      "3xl": {
        "value": -0.800000011920929
      },
      "4xl": {
        "value": -1
      },
      "5xl": {
        "value": -2
      },
      "6xl": {
        "value": -2
      },
      "7xl": {
        "value": -2
      },
      "8xl": {
        "value": -2
      },
      "9xl": {
        "value": -4
      }
    },
    "line-height": {
      "3xs": {
        "value": 16
      },
      "2xs": {
        "value": 16
      },
      "xs": {
        "value": 16
      },
      "sm": {
        "value": 16
      },
      "md": {
        "value": 20
      },
      "lg": {
        "value": 20
      },
      "xl": {
        "value": 24
      },
      "2xl": {
        "value": 28
      },
      "3xl": {
        "value": 32
      },
      "4xl": {
        "value": 36
      },
      "5xl": {
        "value": 52
      },
      "6xl": {
        "value": 72
      },
      "7xl": {
        "value": 88
      },
      "8xl": {
        "value": 100
      },
      "9xl": {
        "value": 128
      }
    }
  },
  "_opacity": {
    "8": {
      "value": 8
    },
    "16": {
      "value": 16
    },
    "32": {
      "value": 32
    },
    "48": {
      "value": 48
    },
    "64": {
      "value": 64
    },
    "88": {
      "value": 88
    }
  }
}