{
  "_opacity": {
    "8": {
      "$type": "number",
      "$value": 8,
      "$description": "",
      "$extensions": {
        "com.figma": {
          "hiddenFromPublishing": false,
          "scopes": [],
          "codeSyntax": {}
        }
      }
    },
    "16": {
      "$type": "number",
      "$value": 16,
      "$description": "",
      "$extensions": {
        "com.figma": {
          "hiddenFromPublishing": false,
          "scopes": [],
          "codeSyntax": {}
        }
      }
    },
    "32": {
      "$type": "number",
      "$value": 32,
      "$description": "",
      "$extensions": {
        "com.figma": {
          "hiddenFromPublishing": false,
          "scopes": [],
          "codeSyntax": {}
        }
      }
    },
    "48": {
      "$type": "number",
      "$value": 48,
      "$description": "",
      "$extensions": {
        "com.figma": {
          "hiddenFromPublishing": false,
          "scopes": [],
          "codeSyntax": {}
        }
      }
    },
    "64": {
      "$type": "number",
      "$value": 64,
      "$description": "",
      "$extensions": {
        "com.figma": {
          "hiddenFromPublishing": false,
          "scopes": [],
          "codeSyntax": {}
        }
      }
    },
    "88": {
      "$type": "number",
      "$value": 88,
      "$description": "",
      "$extensions": {
        "com.figma": {
          "hiddenFromPublishing": false,
          "scopes": [],
          "codeSyntax": {}
        }
      }
    }
  },
  "_font": {
    "family": {
      "mac-default": {
        "$type": "string",
        "$value": "SF Pro",
        "$description": "",
        "$extensions": {
          "com.figma": {
            "hiddenFromPublishing": false,
            "scopes": [
              "ALL_SCOPES"
            ],
            "codeSyntax": {}
          }
        }
      },
      "windows": {
        "$type": "string",
        "$value": "Segoe UI",
        "$description": "",
        "$extensions": {
          "com.figma": {
            "hiddenFromPublishing": false,
            "scopes": [
              "ALL_SCOPES"
            ],
            "codeSyntax": {}
          }
        }
      },
      "international": {
        "$type": "string",
        "$value": "Microsoft YaHei",
        "$description": "",
        "$extensions": {
          "com.figma": {
            "hiddenFromPublishing": false,
            "scopes": [
              "ALL_SCOPES"
            ],
            "codeSyntax": {}
          }
        }
      }
    },
    "size": {
      "1": {
        "$type": "number",
        "$value": 16,
        "$description": "",
        "$extensions": {
          "com.figma": {
            "hiddenFromPublishing": false,
            "scopes": [],
            "codeSyntax": {}
          }
        }
      },
      "2": {
        "$type": "number",
        "$value": 32,
        "$description": "",
        "$extensions": {
          "com.figma": {
            "hiddenFromPublishing": false,
            "scopes": [],
            "codeSyntax": {}
          }
        }
      },
      "3": {
        "$type": "number",
        "$value": 48,
        "$description": "",
        "$extensions": {
          "com.figma": {
            "hiddenFromPublishing": false,
            "scopes": [],
            "codeSyntax": {}
          }
        }
      },
      "4": {
        "$type": "number",
        "$value": 64,
        "$description": "",
        "$extensions": {
          "com.figma": {
            "hiddenFromPublishing": false,
            "scopes": [],
            "codeSyntax": {}
          }
        }
      },
      "5": {
        "$type": "number",
        "$value": 96,
        "$description": "",
        "$extensions": {
          "com.figma": {
            "hiddenFromPublishing": false,
            "scopes": [],
            "codeSyntax": {}
          }
        }
      },
      "6": {
        "$type": "number",
        "$value": 112,
        "$description": "",
        "$extensions": {
          "com.figma": {
            "hiddenFromPublishing": false,
            "scopes": [],
            "codeSyntax": {}
          }
        }
      },
      "8": {
        "$type": "number",
        "$value": 128,
        "$description": "",
        "$extensions": {
          "com.figma": {
            "hiddenFromPublishing": false,
            "scopes": [],
            "codeSyntax": {}
          }
        }
      },
      "0_75": {
        "$type": "number",
        "$value": 12,
        "$description": "",
        "$extensions": {
          "com.figma": {
            "hiddenFromPublishing": false,
            "scopes": [],
            "codeSyntax": {}
          }
        }
      },
      "0_8125": {
        "$type": "number",
        "$value": 13,
        "$description": "",
        "$extensions": {
          "com.figma": {
            "hiddenFromPublishing": false,
            "scopes": [],
            "codeSyntax": {}
          }
        }
      },
      "0_875": {
        "$type": "number",
        "$value": 14,
        "$description": "",
        "$extensions": {
          "com.figma": {
            "hiddenFromPublishing": false,
            "scopes": [],
            "codeSyntax": {}
          }
        }
      },
      "0_9375": {
        "$type": "number",
        "$value": 15,
        "$description": "",
        "$extensions": {
          "com.figma": {
            "hiddenFromPublishing": false,
            "scopes": [],
            "codeSyntax": {}
          }
        }
      },
      "1_125": {
        "$type": "number",
        "$value": 18,
        "$description": "",
        "$extensions": {
          "com.figma": {
            "hiddenFromPublishing": false,
            "scopes": [],
            "codeSyntax": {}
          }
        }
      },
      "1_25": {
        "$type": "number",
        "$value": 20,
        "$description": "",
        "$extensions": {
          "com.figma": {
            "hiddenFromPublishing": false,
            "scopes": [],
            "codeSyntax": {}
          }
        }
      },
      "1_5": {
        "$type": "number",
        "$value": 24,
        "$description": "",
        "$extensions": {
          "com.figma": {
            "hiddenFromPublishing": false,
            "scopes": [],
            "codeSyntax": {}
          }
        }
      },
      "1_75": {
        "$type": "number",
        "$value": 28,
        "$description": "",
        "$extensions": {
          "com.figma": {
            "hiddenFromPublishing": false,
            "scopes": [],
            "codeSyntax": {}
          }
        }
      }
    },
    "weight": {
      "31": {
        "$type": "number",
        "$value": 31,
        "$description": "",
        "$extensions": {
          "com.figma": {
            "hiddenFromPublishing": false,
            "scopes": [
              "ALL_SCOPES"
            ],
            "codeSyntax": {}
          }
        }
      },
      "121": {
        "$type": "number",
        "$value": 121,
        "$description": "",
        "$extensions": {
          "com.figma": {
            "hiddenFromPublishing": false,
            "scopes": [
              "ALL_SCOPES"
            ],
            "codeSyntax": {}
          }
        }
      },
      "276": {
        "$type": "number",
        "$value": 276,
        "$description": "",
        "$extensions": {
          "com.figma": {
            "hiddenFromPublishing": false,
            "scopes": [
              "ALL_SCOPES"
            ],
            "codeSyntax": {}
          }
        }
      },
      "410": {
        "$type": "number",
        "$value": 410,
        "$description": "",
        "$extensions": {
          "com.figma": {
            "hiddenFromPublishing": false,
            "scopes": [
              "ALL_SCOPES"
            ],
            "codeSyntax": {}
          }
        }
      },
      "510": {
        "$type": "number",
        "$value": 510,
        "$description": "",
        "$extensions": {
          "com.figma": {
            "hiddenFromPublishing": false,
            "scopes": [
              "ALL_SCOPES"
            ],
            "codeSyntax": {}
          }
        }
      },
      "650": {
        "$type": "number",
        "$value": 650,
        "$description": "",
        "$extensions": {
          "com.figma": {
            "hiddenFromPublishing": false,
            "scopes": [
              "ALL_SCOPES"
            ],
            "codeSyntax": {}
          }
        }
      },
      "700": {
        "$type": "number",
        "$value": 700,
        "$description": "",
        "$extensions": {
          "com.figma": {
            "hiddenFromPublishing": false,
            "scopes": [
              "ALL_SCOPES"
            ],
            "codeSyntax": {}
          }
        }
      },
      "870": {
        "$type": "number",
        "$value": 870,
        "$description": "",
        "$extensions": {
          "com.figma": {
            "hiddenFromPublishing": false,
            "scopes": [
              "ALL_SCOPES"
            ],
            "codeSyntax": {}
          }
        }
      },
      "1000": {
        "$type": "number",
        "$value": 1000,
        "$description": "",
        "$extensions": {
          "com.figma": {
            "hiddenFromPublishing": false,
            "scopes": [
              "ALL_SCOPES"
            ],
            "codeSyntax": {}
          }
        }
      }
    }
  },
  "_palette": {
    "gray": {
      "7": {
        "$type": "color",
        "$value": "#121212",
        "$description": "",
        "$extensions": {
          "com.figma": {
            "hiddenFromPublishing": false,
            "scopes": [],
            "codeSyntax": {}
          }
        }
      },
      "11": {
        "$type": "color",
        "$value": "#1C1C1C",
        "$description": "",
        "$extensions": {
          "com.figma": {
            "hiddenFromPublishing": false,
            "scopes": [],
            "codeSyntax": {}
          }
        }
      },
      "16": {
        "$type": "color",
        "$value": "#292929",
        "$description": "",
        "$extensions": {
          "com.figma": {
            "hiddenFromPublishing": false,
            "scopes": [],
            "codeSyntax": {}
          }
        }
      },
      "23": {
        "$type": "color",
        "$value": "#3B3B3B",
        "$description": "",
        "$extensions": {
          "com.figma": {
            "hiddenFromPublishing": false,
            "scopes": [],
            "codeSyntax": {}
          }
        }
      },
      "34": {
        "$type": "color",
        "$value": "#575757",
        "$description": "",
        "$extensions": {
          "com.figma": {
            "hiddenFromPublishing": false,
            "scopes": [],
            "codeSyntax": {}
          }
        }
      },
      "46": {
        "$type": "color",
        "$value": "#757575",
        "$description": "",
        "$extensions": {
          "com.figma": {
            "hiddenFromPublishing": false,
            "scopes": [],
            "codeSyntax": {}
          }
        }
      },
      "58": {
        "$type": "color",
        "$value": "#949494",
        "$description": "",
        "$extensions": {
          "com.figma": {
            "hiddenFromPublishing": false,
            "scopes": [],
            "codeSyntax": {}
          }
        }
      },
      "74": {
        "$type": "color",
        "$value": "#BDBDBD",
        "$description": "",
        "$extensions": {
          "com.figma": {
            "hiddenFromPublishing": false,
            "scopes": [],
            "codeSyntax": {}
          }
        }
      },
      "84": {
        "$type": "color",
        "$value": "#D6D6D6",
        "$description": "",
        "$extensions": {
          "com.figma": {
            "hiddenFromPublishing": false,
            "scopes": [],
            "codeSyntax": {}
          }
        }
      },
      "93": {
        "$type": "color",
        "$value": "#EDEDED",
        "$description": "",
        "$extensions": {
          "com.figma": {
            "hiddenFromPublishing": false,
            "scopes": [],
            "codeSyntax": {}
          }
        }
      },
      "96": {
        "$type": "color",
        "$value": "#F5F5F5",
        "$description": "",
        "$extensions": {
          "com.figma": {
            "hiddenFromPublishing": false,
            "scopes": [],
            "codeSyntax": {}
          }
        }
      },
      "100": {
        "$type": "color",
        "$value": "#FFFFFF",
        "$description": "",
        "$extensions": {
          "com.figma": {
            "hiddenFromPublishing": false,
            "scopes": [],
            "codeSyntax": {}
          }
        }
      }
    },
    "red": {
      "12": {
        "$type": "color",
        "$value": "#360807",
        "$description": "",
        "$extensions": {
          "com.figma": {
            "hiddenFromPublishing": false,
            "scopes": [],
            "codeSyntax": {}
          }
        }
      },
      "19": {
        "$type": "color",
        "$value": "#580A09",
        "$description": "",
        "$extensions": {
          "com.figma": {
            "hiddenFromPublishing": false,
            "scopes": [],
            "codeSyntax": {}
          }
        }
      },
      "27": {
        "$type": "color",
        "$value": "#7C110E",
        "$description": "",
        "$extensions": {
          "com.figma": {
            "hiddenFromPublishing": false,
            "scopes": [],
            "codeSyntax": {}
          }
        }
      },
      "38": {
        "$type": "color",
        "$value": "#A81A1F",
        "$description": "",
        "$extensions": {
          "com.figma": {
            "hiddenFromPublishing": false,
            "scopes": [],
            "codeSyntax": {}
          }
        }
      },
      "48": {
        "$type": "color",
        "$value": "#CC2828",
        "$description": "",
        "$extensions": {
          "com.figma": {
            "hiddenFromPublishing": false,
            "scopes": [],
            "codeSyntax": {}
          }
        }
      },
      "63": {
        "$type": "color",
        "$value": "#F4504E",
        "$description": "",
        "$extensions": {
          "com.figma": {
            "hiddenFromPublishing": false,
            "scopes": [],
            "codeSyntax": {}
          }
        }
      },
      "73": {
        "$type": "color",
        "$value": "#FC7D79",
        "$description": "",
        "$extensions": {
          "com.figma": {
            "hiddenFromPublishing": false,
            "scopes": [],
            "codeSyntax": {}
          }
        }
      },
      "82": {
        "$type": "color",
        "$value": "#FEA8A5",
        "$description": "",
        "$extensions": {
          "com.figma": {
            "hiddenFromPublishing": false,
            "scopes": [],
            "codeSyntax": {}
          }
        }
      },
      "92": {
        "$type": "color",
        "$value": "#FED7D7",
        "$description": "",
        "$extensions": {
          "com.figma": {
            "hiddenFromPublishing": false,
            "scopes": [],
            "codeSyntax": {}
          }
        }
      },
      "96": {
        "$type": "color",
        "$value": "#FEECEC",
        "$description": "",
        "$extensions": {
          "com.figma": {
            "hiddenFromPublishing": false,
            "scopes": [],
            "codeSyntax": {}
          }
        }
      }
    },
    "green": {
      "8": {
        "$type": "color",
        "$value": "#052416",
        "$description": "",
        "$extensions": {
          "com.figma": {
            "hiddenFromPublishing": false,
            "scopes": [],
            "codeSyntax": {}
          }
        }
      },
      "11": {
        "$type": "color",
        "$value": "#063221",
        "$description": "",
        "$extensions": {
          "com.figma": {
            "hiddenFromPublishing": false,
            "scopes": [],
            "codeSyntax": {}
          }
        }
      },
      "17": {
        "$type": "color",
        "$value": "#0A4D33",
        "$description": "",
        "$extensions": {
          "com.figma": {
            "hiddenFromPublishing": false,
            "scopes": [],
            "codeSyntax": {}
          }
        }
      },
      "22": {
        "$type": "color",
        "$value": "#086843",
        "$description": "",
        "$extensions": {
          "com.figma": {
            "hiddenFromPublishing": false,
            "scopes": [],
            "codeSyntax": {}
          }
        }
      },
      "27": {
        "$type": "color",
        "$value": "#088153",
        "$description": "",
        "$extensions": {
          "com.figma": {
            "hiddenFromPublishing": false,
            "scopes": [],
            "codeSyntax": {}
          }
        }
      },
      "39": {
        "$type": "color",
        "$value": "#1BAC72",
        "$description": "",
        "$extensions": {
          "com.figma": {
            "hiddenFromPublishing": false,
            "scopes": [],
            "codeSyntax": {}
          }
        }
      },
      "46": {
        "$type": "color",
        "$value": "#29C287",
        "$description": "",
        "$extensions": {
          "com.figma": {
            "hiddenFromPublishing": false,
            "scopes": [],
            "codeSyntax": {}
          }
        }
      },
      "66": {
        "$type": "color",
        "$value": "#71E0B0",
        "$description": "",
        "$extensions": {
          "com.figma": {
            "hiddenFromPublishing": false,
            "scopes": [],
            "codeSyntax": {}
          }
        }
      },
      "85": {
        "$type": "color",
        "$value": "#BCF5DA",
        "$description": "",
        "$extensions": {
          "com.figma": {
            "hiddenFromPublishing": false,
            "scopes": [],
            "codeSyntax": {}
          }
        }
      },
      "93": {
        "$type": "color",
        "$value": "#DEFDEB",
        "$description": "",
        "$extensions": {
          "com.figma": {
            "hiddenFromPublishing": false,
            "scopes": [],
            "codeSyntax": {}
          }
        }
      }
    },
    "blue": {
      "9": {
        "$type": "color",
        "$value": "#03112B",
        "$description": "",
        "$extensions": {
          "com.figma": {
            "hiddenFromPublishing": false,
            "scopes": [],
            "codeSyntax": {}
          }
        }
      },
      "16": {
        "$type": "color",
        "$value": "#041D4E",
        "$description": "",
        "$extensions": {
          "com.figma": {
            "hiddenFromPublishing": false,
            "scopes": [],
            "codeSyntax": {}
          }
        }
      },
      "23": {
        "$type": "color",
        "$value": "#052B70",
        "$description": "",
        "$extensions": {
          "com.figma": {
            "hiddenFromPublishing": false,
            "scopes": [],
            "codeSyntax": {}
          }
        }
      },
      "31": {
        "$type": "color",
        "$value": "#063C98",
        "$description": "",
        "$extensions": {
          "com.figma": {
            "hiddenFromPublishing": false,
            "scopes": [],
            "codeSyntax": {}
          }
        }
      },
      "42": {
        "$type": "color",
        "$value": "#0D58C9",
        "$description": "",
        "$extensions": {
          "com.figma": {
            "hiddenFromPublishing": false,
            "scopes": [],
            "codeSyntax": {}
          }
        }
      },
      "60": {
        "$type": "color",
        "$value": "#3689FC",
        "$description": "",
        "$extensions": {
          "com.figma": {
            "hiddenFromPublishing": false,
            "scopes": [],
            "codeSyntax": {}
          }
        }
      },
      "69": {
        "$type": "color",
        "$value": "#63A8FD",
        "$description": "",
        "$extensions": {
          "com.figma": {
            "hiddenFromPublishing": false,
            "scopes": [],
            "codeSyntax": {}
          }
        }
      },
      "83": {
        "$type": "color",
        "$value": "#AAD1FD",
        "$description": "",
        "$extensions": {
          "com.figma": {
            "hiddenFromPublishing": false,
            "scopes": [],
            "codeSyntax": {}
          }
        }
      },
      "92": {
        "$type": "color",
        "$value": "#D7E9FE",
        "$description": "",
        "$extensions": {
          "com.figma": {
            "hiddenFromPublishing": false,
            "scopes": [],
            "codeSyntax": {}
          }
        }
      },
      "97": {
        "$type": "color",
        "$value": "#F0F7FF",
        "$description": "",
        "$extensions": {
          "com.figma": {
            "hiddenFromPublishing": false,
            "scopes": [],
            "codeSyntax": {}
          }
        }
      }
    },
    "orange": {
      "13": {
        "$type": "color",
        "$value": "#392009",
        "$description": "",
        "$extensions": {
          "com.figma": {
            "hiddenFromPublishing": false,
            "scopes": [],
            "codeSyntax": {}
          }
        }
      },
      "18": {
        "$type": "color",
        "$value": "#542F08",
        "$description": "",
        "$extensions": {
          "com.figma": {
            "hiddenFromPublishing": false,
            "scopes": [],
            "codeSyntax": {}
          }
        }
      },
      "24": {
        "$type": "color",
        "$value": "#723A08",
        "$description": "",
        "$extensions": {
          "com.figma": {
            "hiddenFromPublishing": false,
            "scopes": [],
            "codeSyntax": {}
          }
        }
      },
      "34": {
        "$type": "color",
        "$value": "#A1520C",
        "$description": "",
        "$extensions": {
          "com.figma": {
            "hiddenFromPublishing": false,
            "scopes": [],
            "codeSyntax": {}
          }
        }
      },
      "45": {
        "$type": "color",
        "$value": "#D06D16",
        "$description": "",
        "$extensions": {
          "com.figma": {
            "hiddenFromPublishing": false,
            "scopes": [],
            "codeSyntax": {}
          }
        }
      },
      "55": {
        "$type": "color",
        "$value": "#F28C26",
        "$description": "",
        "$extensions": {
          "com.figma": {
            "hiddenFromPublishing": false,
            "scopes": [],
            "codeSyntax": {}
          }
        }
      },
      "63": {
        "$type": "color",
        "$value": "#FAA747",
        "$description": "",
        "$extensions": {
          "com.figma": {
            "hiddenFromPublishing": false,
            "scopes": [],
            "codeSyntax": {}
          }
        }
      },
      "74": {
        "$type": "color",
        "$value": "#FEC57C",
        "$description": "",
        "$extensions": {
          "com.figma": {
            "hiddenFromPublishing": false,
            "scopes": [],
            "codeSyntax": {}
          }
        }
      },
      "88": {
        "$type": "color",
        "$value": "#FFE3C2",
        "$description": "",
        "$extensions": {
          "com.figma": {
            "hiddenFromPublishing": false,
            "scopes": [],
            "codeSyntax": {}
          }
        }
      },
      "93": {
        "$type": "color",
        "$value": "#FFF1DB",
        "$description": "",
        "$extensions": {
          "com.figma": {
            "hiddenFromPublishing": false,
            "scopes": [],
            "codeSyntax": {}
          }
        }
      }
    },
    "yellow": {
      "11": {
        "$type": "color",
        "$value": "#382B00",
        "$description": "",
        "$extensions": {
          "com.figma": {
            "hiddenFromPublishing": false,
            "scopes": [],
            "codeSyntax": {}
          }
        }
      },
      "16": {
        "$type": "color",
        "$value": "#523A00",
        "$description": "",
        "$extensions": {
          "com.figma": {
            "hiddenFromPublishing": false,
            "scopes": [],
            "codeSyntax": {}
          }
        }
      },
      "23": {
        "$type": "color",
        "$value": "#755000",
        "$description": "",
        "$extensions": {
          "com.figma": {
            "hiddenFromPublishing": false,
            "scopes": [],
            "codeSyntax": {}
          }
        }
      },
      "29": {
        "$type": "color",
        "$value": "#946500",
        "$description": "",
        "$extensions": {
          "com.figma": {
            "hiddenFromPublishing": false,
            "scopes": [],
            "codeSyntax": {}
          }
        }
      },
      "37": {
        "$type": "color",
        "$value": "#BD8400",
        "$description": "",
        "$extensions": {
          "com.figma": {
            "hiddenFromPublishing": false,
            "scopes": [],
            "codeSyntax": {}
          }
        }
      },
      "43": {
        "$type": "color",
        "$value": "#DB9D00",
        "$description": "",
        "$extensions": {
          "com.figma": {
            "hiddenFromPublishing": false,
            "scopes": [],
            "codeSyntax": {}
          }
        }
      },
      "50": {
        "$type": "color",
        "$value": "#F0B80F",
        "$description": "",
        "$extensions": {
          "com.figma": {
            "hiddenFromPublishing": false,
            "scopes": [],
            "codeSyntax": {}
          }
        }
      },
      "71": {
        "$type": "color",
        "$value": "#FBD570",
        "$description": "",
        "$extensions": {
          "com.figma": {
            "hiddenFromPublishing": false,
            "scopes": [],
            "codeSyntax": {}
          }
        }
      },
      "83": {
        "$type": "color",
        "$value": "#FDECAA",
        "$description": "",
        "$extensions": {
          "com.figma": {
            "hiddenFromPublishing": false,
            "scopes": [],
            "codeSyntax": {}
          }
        }
      },
      "90": {
        "$type": "color",
        "$value": "#FDF7CE",
        "$description": "",
        "$extensions": {
          "com.figma": {
            "hiddenFromPublishing": false,
            "scopes": [],
            "codeSyntax": {}
          }
        }
      }
    }
  },
  "_size": {
    "0": {
      "$type": "number",
      "$value": 0,
      "$description": "",
      "$extensions": {
        "com.figma": {
          "hiddenFromPublishing": false,
          "scopes": [],
          "codeSyntax": {}
        }
      }
    },
    "1": {
      "$type": "number",
      "$value": 1,
      "$description": "",
      "$extensions": {
        "com.figma": {
          "hiddenFromPublishing": false,
          "scopes": [],
          "codeSyntax": {}
        }
      }
    },
    "2": {
      "$type": "number",
      "$value": 2,
      "$description": "",
      "$extensions": {
        "com.figma": {
          "hiddenFromPublishing": false,
          "scopes": [],
          "codeSyntax": {}
        }
      }
    },
    "4": {
      "$type": "number",
      "$value": 4,
      "$description": "",
      "$extensions": {
        "com.figma": {
          "hiddenFromPublishing": false,
          "scopes": [],
          "codeSyntax": {}
        }
      }
    },
    "6": {
      "$type": "number",
      "$value": 6,
      "$description": "",
      "$extensions": {
        "com.figma": {
          "hiddenFromPublishing": false,
          "scopes": [],
          "codeSyntax": {}
        }
      }
    },
    "8": {
      "$type": "number",
      "$value": 8,
      "$description": "",
      "$extensions": {
        "com.figma": {
          "hiddenFromPublishing": false,
          "scopes": [],
          "codeSyntax": {}
        }
      }
    },
    "10": {
      "$type": "number",
      "$value": 10,
      "$description": "",
      "$extensions": {
        "com.figma": {
          "hiddenFromPublishing": false,
          "scopes": [],
          "codeSyntax": {}
        }
      }
    },
    "11": {
      "$type": "number",
      "$value": 11,
      "$description": "",
      "$extensions": {
        "com.figma": {
          "hiddenFromPublishing": false,
          "scopes": [],
          "codeSyntax": {}
        }
      }
    },
    "12": {
      "$type": "number",
      "$value": 12,
      "$description": "",
      "$extensions": {
        "com.figma": {
          "hiddenFromPublishing": false,
          "scopes": [],
          "codeSyntax": {}
        }
      }
    },
    "13": {
      "$type": "number",
      "$value": 13,
      "$description": "",
      "$extensions": {
        "com.figma": {
          "hiddenFromPublishing": false,
          "scopes": [],
          "codeSyntax": {}
        }
      }
    },
    "14": {
      "$type": "number",
      "$value": 14,
      "$description": "",
      "$extensions": {
        "com.figma": {
          "hiddenFromPublishing": false,
          "scopes": [],
          "codeSyntax": {}
        }
      }
    },
    "15": {
      "$type": "number",
      "$value": 15,
      "$description": "",
      "$extensions": {
        "com.figma": {
          "hiddenFromPublishing": false,
          "scopes": [],
          "codeSyntax": {}
        }
      }
    },
    "16": {
      "$type": "number",
      "$value": 16,
      "$description": "",
      "$extensions": {
        "com.figma": {
          "hiddenFromPublishing": false,
          "scopes": [],
          "codeSyntax": {}
        }
      }
    },
    "17": {
      "$type": "number",
      "$value": 17,
      "$description": "",
      "$extensions": {
        "com.figma": {
          "hiddenFromPublishing": false,
          "scopes": [],
          "codeSyntax": {}
        }
      }
    },
    "18": {
      "$type": "number",
      "$value": 18,
      "$description": "",
      "$extensions": {
        "com.figma": {
          "hiddenFromPublishing": false,
          "scopes": [],
          "codeSyntax": {}
        }
      }
    },
    "20": {
      "$type": "number",
      "$value": 20,
      "$description": "",
      "$extensions": {
        "com.figma": {
          "hiddenFromPublishing": false,
          "scopes": [],
          "codeSyntax": {}
        }
      }
    },
    "24": {
      "$type": "number",
      "$value": 24,
      "$description": "",
      "$extensions": {
        "com.figma": {
          "hiddenFromPublishing": false,
          "scopes": [],
          "codeSyntax": {}
        }
      }
    },
    "28": {
      "$type": "number",
      "$value": 28,
      "$description": "",
      "$extensions": {
        "com.figma": {
          "hiddenFromPublishing": false,
          "scopes": [],
          "codeSyntax": {}
        }
      }
    },
    "32": {
      "$type": "number",
      "$value": 32,
      "$description": "",
      "$extensions": {
        "com.figma": {
          "hiddenFromPublishing": false,
          "scopes": [],
          "codeSyntax": {}
        }
      }
    },
    "36": {
      "$type": "number",
      "$value": 36,
      "$description": "",
      "$extensions": {
        "com.figma": {
          "hiddenFromPublishing": false,
          "scopes": [],
          "codeSyntax": {}
        }
      }
    },
    "40": {
      "$type": "number",
      "$value": 40,
      "$description": "",
      "$extensions": {
        "com.figma": {
          "hiddenFromPublishing": false,
          "scopes": [],
          "codeSyntax": {}
        }
      }
    },
    "44": {
      "$type": "number",
      "$value": 44,
      "$description": "",
      "$extensions": {
        "com.figma": {
          "hiddenFromPublishing": false,
          "scopes": [],
          "codeSyntax": {}
        }
      }
    },
    "48": {
      "$type": "number",
      "$value": 48,
      "$description": "",
      "$extensions": {
        "com.figma": {
          "hiddenFromPublishing": false,
          "scopes": [],
          "codeSyntax": {}
        }
      }
    },
    "52": {
      "$type": "number",
      "$value": 52,
      "$description": "",
      "$extensions": {
        "com.figma": {
          "hiddenFromPublishing": false,
          "scopes": [],
          "codeSyntax": {}
        }
      }
    },
    "56": {
      "$type": "number",
      "$value": 56,
      "$description": "",
      "$extensions": {
        "com.figma": {
          "hiddenFromPublishing": false,
          "scopes": [],
          "codeSyntax": {}
        }
      }
    },
    "60": {
      "$type": "number",
      "$value": 60,
      "$description": "",
      "$extensions": {
        "com.figma": {
          "hiddenFromPublishing": false,
          "scopes": [],
          "codeSyntax": {}
        }
      }
    },
    "64": {
      "$type": "number",
      "$value": 64,
      "$description": "",
      "$extensions": {
        "com.figma": {
          "hiddenFromPublishing": false,
          "scopes": [],
          "codeSyntax": {}
        }
      }
    },
    "72": {
      "$type": "number",
      "$value": 72,
      "$description": "",
      "$extensions": {
        "com.figma": {
          "hiddenFromPublishing": false,
          "scopes": [],
          "codeSyntax": {}
        }
      }
    },
    "80": {
      "$type": "number",
      "$value": 80,
      "$description": "",
      "$extensions": {
        "com.figma": {
          "hiddenFromPublishing": false,
          "scopes": [],
          "codeSyntax": {}
        }
      }
    },
    "96": {
      "$type": "number",
      "$value": 96,
      "$description": "",
      "$extensions": {
        "com.figma": {
          "hiddenFromPublishing": false,
          "scopes": [],
          "codeSyntax": {}
        }
      }
    },
    "128": {
      "$type": "number",
      "$value": 128,
      "$description": "",
      "$extensions": {
        "com.figma": {
          "hiddenFromPublishing": false,
          "scopes": [],
          "codeSyntax": {}
        }
      }
    },
    "144": {
      "$type": "number",
      "$value": 144,
      "$description": "",
      "$extensions": {
        "com.figma": {
          "hiddenFromPublishing": false,
          "scopes": [],
          "codeSyntax": {}
        }
      }
    },
    "160": {
      "$type": "number",
      "$value": 160,
      "$description": "",
      "$extensions": {
        "com.figma": {
          "hiddenFromPublishing": false,
          "scopes": [],
          "codeSyntax": {}
        }
      }
    },
    "192": {
      "$type": "number",
      "$value": 192,
      "$description": "",
      "$extensions": {
        "com.figma": {
          "hiddenFromPublishing": false,
          "scopes": [],
          "codeSyntax": {}
        }
      }
    },
    "224": {
      "$type": "number",
      "$value": 224,
      "$description": "",
      "$extensions": {
        "com.figma": {
          "hiddenFromPublishing": false,
          "scopes": [],
          "codeSyntax": {}
        }
      }
    },
    "256": {
      "$type": "number",
      "$value": 256,
      "$description": "",
      "$extensions": {
        "com.figma": {
          "hiddenFromPublishing": false,
          "scopes": [],
          "codeSyntax": {}
        }
      }
    },
    "320": {
      "$type": "number",
      "$value": 320,
      "$description": "",
      "$extensions": {
        "com.figma": {
          "hiddenFromPublishing": false,
          "scopes": [],
          "codeSyntax": {}
        }
      }
    },
    "384": {
      "$type": "number",
      "$value": 384,
      "$description": "",
      "$extensions": {
        "com.figma": {
          "hiddenFromPublishing": false,
          "scopes": [],
          "codeSyntax": {}
        }
      }
    },
    "448": {
      "$type": "number",
      "$value": 448,
      "$description": "",
      "$extensions": {
        "com.figma": {
          "hiddenFromPublishing": false,
          "scopes": [],
          "codeSyntax": {}
        }
      }
    },
    "512": {
      "$type": "number",
      "$value": 512,
      "$description": "",
      "$extensions": {
        "com.figma": {
          "hiddenFromPublishing": false,
          "scopes": [],
          "codeSyntax": {}
        }
      }
    },
    "640": {
      "$type": "number",
      "$value": 640,
      "$description": "",
      "$extensions": {
        "com.figma": {
          "hiddenFromPublishing": false,
          "scopes": [],
          "codeSyntax": {}
        }
      }
    },
    "768": {
      "$type": "number",
      "$value": 768,
      "$description": "",
      "$extensions": {
        "com.figma": {
          "hiddenFromPublishing": false,
          "scopes": [],
          "codeSyntax": {}
        }
      }
    },
    "1024": {
      "$type": "number",
      "$value": 1024,
      "$description": "",
      "$extensions": {
        "com.figma": {
          "hiddenFromPublishing": false,
          "scopes": [],
          "codeSyntax": {}
        }
      }
    },
    "1280": {
      "$type": "number",
      "$value": 1280,
      "$description": "",
      "$extensions": {
        "com.figma": {
          "hiddenFromPublishing": false,
          "scopes": [],
          "codeSyntax": {}
        }
      }
    },
    "1600": {
      "$type": "number",
      "$value": 1600,
      "$description": "",
      "$extensions": {
        "com.figma": {
          "hiddenFromPublishing": false,
          "scopes": [],
          "codeSyntax": {}
        }
      }
    },
    "1920": {
      "$type": "number",
      "$value": 1920,
      "$description": "",
      "$extensions": {
        "com.figma": {
          "hiddenFromPublishing": false,
          "scopes": [],
          "codeSyntax": {}
        }
      }
    }
  }
}